Workbook

Sheet Dashboard
A1: Habit Tracker Dashboard
A3: Total Habits | D3: Completed Today | G3: Monthly % | J3: Current Streak | M3: Longest Streak
A4: 6 | D4: ='Daily Tracker'!H32 -> 5 | G4: =AVERAGE('Daily Tracker'!I2:I32) -> 0.69892473 | J4: 8 Days | M4: 20 days

Sheet Daily Tracker
A1: Date | B1: Exercise | C1: Reading | D1: Meditation | E1: Coding | F1: Water | G1: Sleep 8 hrs | H1: Completed Today | I1: Completion %
A2: 46023 | B2: Not Done | C2: Done | D2: Not Done | E2: Not Done | F2: Done | G2: Done | H2: =COUNTIF(B2:G2,"Done") -> 3 | I2: =H2/6 -> 0.5
A3: 46024 | B3: Done | C3: Done | D3: Done | E3: Done | F3: Done | G3: Done | H3: =COUNTIF(B3:G3,"Done") -> 6 | I3: =H3/6 -> 1
A4: 46025 | B4: Done | C4: Done | D4: Done | E4: Done | F4: Not Done | G4: Not Done | H4: =COUNTIF(B4:G4,"Done") -> 4 | I4: =H4/6 -> 0.66666667
A5: 46026 | B5: Not Done | C5: Done | D5: Done | E5: Done | F5: Done | G5: Done | H5: =COUNTIF(B5:G5,"Done") -> 5 | I5: =H5/6 -> 0.83333333
A6: 46027 | B6: Done | C6: Done | D6: Done | E6: Done | F6: Done | G6: Done | H6: =COUNTIF(B6:G6,"Done") -> 6 | I6: =H6/6 -> 1
A7: 46028 | B7: Not Done | C7: Done | D7: Done | E7: Done | F7: Done | G7: Done | H7: =COUNTIF(B7:G7,"Done") -> 5 | I7: =H7/6 -> 0.83333333
A8: 46029 | B8: Done | C8: Done | D8: Not Done | E8: Not Done | F8: Done | G8: Not Done | H8: =COUNTIF(B8:G8,"Done") -> 3 | I8: =H8/6 -> 0.5
A9: 46030 | B9: Not Done | C9: Done | D9: Done | E9: Done | F9: Done | G9: Done | H9: =COUNTIF(B9:G9,"Done") -> 5 | I9: =H9/6 -> 0.83333333
A10: 46031 | B10: Done | C10: Not Done | D10: Done | E10: Not Done | F10: Done | G10: Not Done | H10: =COUNTIF(B10:G10,"Done") -> 3 | I10: =H10/6 -> 0.5
A11: 46032 | B11: Not Done | C11: Done | D11: Done | E11: Not Done | F11: Done | G11: Done | H11: =COUNTIF(B11:G11,"Done") -> 4 | I11: =H11/6 -> 0.66666667
A12: 46033 | B12: Done | C12: Done | D12: Not Done | E12: Not Done | F12: Done | G12: Not Done | H12: =COUNTIF(B12:G12,"Done") -> 3 | I12: =H12/6 -> 0.5
A13: 46034 | B13: Done | C13: Done | D13: Not Done | E13: Not Done | F13: Not Done | G13: Done | H13: =COUNTIF(B13:G13,"Done") -> 3 | I13: =H13/6 -> 0.5
... A32: 46053 | B32: Done | C32: Done | D32: Done | E32: Not Done | F32: Done | G32: Done | H32: =COUNTIF(B32:G32,"Done") -> 5 | I32: =H32/6 -> 0.83333333
H33: =COUNTIF(B33:G33,"Done") -> 0 | I33: =H33/6 -> 0
H34: =COUNTIF(B34:G34,"Done") -> 0 | I34: =H34/6 -> 0
H35: =COUNTIF(B35:G35,"Done") -> 0 | I35: =H35/6 -> 0
H36: =COUNTIF(B36:G36,"Done") -> 0 | I36: =H36/6 -> 0
H37: =COUNTIF(B37:G37,"Done") -> 0 | I37: =H37/6 -> 0
H38: =COUNTIF(B38:G38,"Done") -> 0 | I38: =H38/6 -> 0
H39: =COUNTIF(B39:G39,"Done") -> 0 | I39: =H39/6 -> 0
H40: =COUNTIF(B40:G40,"Done") -> 0 | I40: =H40/6 -> 0
H41: =COUNTIF(B41:G41,"Done") -> 0 | I41: =H41/6 -> 0
H42: =COUNTIF(B42:G42,"Done") -> 0 | I42: =H42/6 -> 0
H43: =COUNTIF(B43:G43,"Done") -> 0 | I43: =H43/6 -> 0
H44: =COUNTIF(B44:G44,"Done") -> 0 | I44: =H44/6 -> 0
... H100: =COUNTIF(B100:G100,"Done") -> 0 | I100: =H100/6 -> 0

Sheet Weekly Summary
A1: Week | B1: Completion %
A2: Week 1 | B2: =AVERAGE('Daily Tracker'!I2:I8) -> 0.76190476
A3: Week 2 | B3: =AVERAGE('Daily Tracker'!I9:I15) -> 0.61904762
A4: Week 3 | B4: =AVERAGE('Daily Tracker'!I16:I22) -> 0.69047619
A5: Week 4 | B5: =AVERAGE('Daily Tracker'!I23:I29) -> 0.76190476
A6: Week 5 | B6: =AVERAGE('Daily Tracker'!I30:I32) -> 0.61111111

Sheet Monthly Summary
A1: Habit | B1: Total Completed
A2: Exercise | B2: =COUNTIF('Daily Tracker'!B2:B32,"Done") -> 22
A3: Reading | B3: =COUNTIF('Daily Tracker'!C2:C32,"Done") -> 24
A4: Meditation | B4: =COUNTIF('Daily Tracker'!D2:D32,"Done") -> 22
A5: Coding | B5: =COUNTIF('Daily Tracker'!E2:E32,"Done") -> 18
A6: Water | B6: =COUNTIF('Daily Tracker'!F2:F32,"Done") -> 25
A7: Sleep 8 hrs | B7: =COUNTIF('Daily Tracker'!G2:G32,"Done") -> 19
